{
  "initialization_time_control": 0.11123108863830566,
  "execution_time_control": 209.30893731117249,
  "total_time": 209.4201683998108
}