{
  "initialization_time_control": 0.1147620677947998,
  "execution_time_control": 248.42033767700195,
  "total_time": 248.53509974479675
}