{
  "initialization_time_control": 0.1009066104888916,
  "execution_time_control": 110.1253170967102,
  "total_time": 110.2262237071991
}