{
  "initialization_time_control": 0.15399599075317383,
  "execution_time_control": 198.38638949394226,
  "total_time": 198.54038548469543
}