{
  "initialization_time_control": 0.10789847373962402,
  "execution_time_control": 143.931960105896,
  "total_time": 144.03985857963562
}