{
  "initialization_time_control": 0.10145926475524902,
  "execution_time_control": 505.0462694168091,
  "total_time": 505.14772868156433
}