{
  "initialization_time_control": 0.11299371719360352,
  "execution_time_control": 54.14229893684387,
  "total_time": 54.255292654037476
}