{
  "initialization_time_control": 0.1110696792602539,
  "execution_time_control": 268.86352467536926,
  "total_time": 268.9745943546295
}