{
  "initialization_time_planning": 0.11983561515808105,
  "execution_time_planning": 104.24898958206177,
  "total_time": 104.36882519721985
}